stackoverflow_id,Reputation,Answer,Question,tags
145587,96695,1005,13,"['go', 'json', 'rest', 'git', 'apiary.io']"
32133,54050,579,35,"['c#', '.net', 'namespaces', 'typeof', 'f#']"
320726,113176,2401,47,"['c++', 'python', 'javascript', 'list', 'c']"
273200,108059,1739,21,"['c#', 'java', 'arrays', '.net', 'asp.net']"
234,122963,586,140,"['c#', 'ruby', 'multithreading', 'volatile', 'locking']"
438992,159506,4087,16,"['java', 'ruby', 'javascript', 'ruby-on-rails', 'maven']"
40347,174147,1427,20,"['c#', 'ms-office', 'ms-word', '.net', 'excel']"
14637,178049,2378,154,"['python', 'c++', 'bash', 'string', 'linux']"
2016562,341155,3527,17,"['android', 'android-jetpack-compose', 'material-components-android', 'gradle', 'material-design']"
168225,98265,1058,33,"['c++', 'objective-c', 'stl', 'templates', 'qt']"
721269,181154,4978,17,"['c++', 'c', 'multithreading', 'linux', 'sockets']"
428790,107427,650,43,"['r', 'dataframe', 'r-faq', 'missing-data', 'filter']"
271616,174955,1773,7,"['r', 'r-faq', 'dataframe', 'xts', 'casting']"
644898,126992,990,1,"['pandas', 'python', 'dataframe', 'indexing', 'hdf5']"
3937,88466,1816,19,"['c++', 'visual-studio', 'debugging', 'command-line', 'ios']"
569436,137620,2600,3,"['sql-server', 'sql', 't-sql', 'sql-server-2008', 'xml']"
201359,234330,4244,20,"['java', 'python', 'scheme', 'string', 'list']"
45375,407707,7957,23,"['powershell', 'bash', 'shell', 'windows', 'macos']"
1140579,147985,3639,16,"['excel', 'vba', 'excel-formula', 'excel-2007', 'cell']"
153982,197554,2045,51,"['powershell', 'windows', 'powershell-2.0', '.net', 'string']"
17174,129454,763,205,"['c#', 'dapper', '.net', 'sql-server', 't-sql']"
577088,148255,859,3,"['python', 'list', 'subprocess', 'shell', 'numpy']"
1708801,156166,1674,24,"['c++', 'c', 'c++11', 'language-lawyer', 'undefined-behavior']"
811,158146,479,3,"['javascript', 'html', 'jquery', 'hyperlink', 'string']"
426671,244972,3530,57,"['sql', 'sql-server', 'sql-server-2008', 'pivot', 'mysql']"
429846,172296,1642,12,"['r', 'dataframe', 'ggplot2', 'plot', 'r-faq']"
94197,341252,1696,47,"['javascript', 'jquery', 'html', 'css', 'json']"
71059,62852,920,22,"['c#', 'sql-server', 'xpath', 'xml', 't-sql']"
61305,276206,4033,2,"['sql-server', 'sql', 't-sql', 'sql-server-2008', 'sql-server-2005']"
541136,383118,660,30,"['python', 'dictionary', 'merge', 'exception', 'oop']"
1039843,44739,1871,9,"['mysql', 'php', 'sql', 'date', 'database']"
41116,148220,1744,23,"['git', 'objective-c', 'ios', 'git-branch', 'git-flow']"
1090079,63151,579,11,"['c++', 'php', 'c++11', 'language-lawyer', 'regex']"
4281779,67075,2540,14,"['javascript', 'jquery', 'html', 'php', 'laravel']"
761202,64290,781,1,"['git', 'php', 'cakephp', 'javascript', 'git-pull']"
21632,108959,355,24,"['string', 'shell', 'sh', 'bash', 'substring']"
9530,394429,2166,28,"['python', 'c++', 'c', 'objective-c', 'typedef']"
6203226,7043,339,1,"['r', 'ggplot2', 'facet-wrap', 'geom-hline', 'dataframe']"
352552,82652,1109,300,"['javascript', 'jquery', 'c#', 'html', 'linq']"
51197,132019,276,506,"['python', 'pip', 'module', 'unix', 'hardlink']"
142822,94069,2360,1,"['c#', 'java', 'asp.net', '.net', 'io']"
135531,144610,1127,13,"['sql-server', 'sql', 't-sql', 'system-tables', 'mongodb']"
116923,81960,533,31,"['c#', '.net', 'sql', 'authentication', 'openid-connect']"
1864976,126610,1190,5,"['git', 'version-control', 'branch', 'feature-branch', 'rebase']"
272824,69108,306,6,"['android', 'android-layout', 'textview', 'android-shapedrawable', 'border']"
1838509,120558,2304,69,"['r', 'ggplot2', 'plot', 'dataframe', 'printing']"
148870,515659,3413,2,"['git', 'python', 'git-commit', 'php', 'github']"
1741671,48313,448,39,"['android', 'android-studio', 'shortcut', 'android-manifest', 'google-play']"
216021,60958,510,146,"['java', 'jpa', 'maven', 'hibernate', 'eclipse']"
61158,69497,1391,50,"['rx-java', 'java', 'rx-java2', 'android', 'reactive-programming']"
51685,159832,5540,2,"['python', 'javascript', 'django', 'ubuntu', 'lxml']"
66353,73326,623,3,"['git', 'perl', 'squash', 'vim', 'html']"
4668,164968,1301,447,"['magento', 'php', 'javascript', 'magento-1.9', 'oop']"
95810,866669,6247,6,"['python', 'list', 'multidimensional-array', 'flatten', 'dictionary']"
31671,484252,4769,491,"['javascript', 'php', 'html', 'css', 'jquery']"
9204,168941,3640,502,"['scala', 'kotlin', 'java', 'haskell', 'javascript']"
106979,74831,466,107,"['python', 'dictionary', 'list-comprehension', 'dictionary-comprehension', 'list']"
844882,83163,746,19,"['android', 'java', 'android-fragments', 'android-resources', 'android-drawable']"
5246885,134905,4967,69,"['firebase', 'android', 'google-cloud-firestore', 'java', 'firebase-realtime-database']"
49153,264803,229,833,"['jquery', 'setinterval', 'timer', 'clearinterval', 'counter']"
440502,81118,1712,27,"['c#', '.net', 'asp.net-web-api', 'asp.net', 'asp.net-mvc']"
2443,92252,294,185,"['java', 'windows', 'cmd', 'regex', 'php']"
610569,118248,1120,773,"['python', 'nltk', 'nlp', 'wordnet', 'n-gram']"
59111,95405,841,3,"['c#', '.net', 'linq', 'asp.net', 'list']"
1438393,76129,1451,2,"['php', 'date', 'arrays', 'regex', 'datetime']"
3001736,58785,2031,40,"['javascript', 'jquery', 'types', 'regex', 'html']"
165297,59040,1206,13,"['regex', 'c#', 'apache-flex', 'actionscript-3', 'javascript']"
149482,114568,553,372,"['c', 'python', 'c++', 'gcc', 'linux']"
5728,74210,1297,35,"['c#', 'system.reactive', '.net', 'reactiveui', 'windows']"
280222,68374,1366,38,"['c#', '.net', 'entity-framework', 'saml-2.0', 'asp.net']"
757508,73471,3346,2,"['facebook', 'facebook-graph-api', 'javascript', 'facebook-javascript-sdk', 'php']"
3448419,95373,1040,1,"['java', 'jvm', 'performance', 'jvm-hotspot', 'jit']"
1932150,125163,1536,35,"['c++', 'c++11', 'templates', 'unique-ptr', 'stl']"
1384297,112657,1306,4,"['spring-boot', 'java', 'spring', 'spring-mvc', 'maven']"
508601,53275,463,6,"['mongodb', 'c#', 'mongodb-.net-driver', 'mongodb-query', '.net']"
357693,60879,966,11,"['c#', 'encoding', 'base64', 'asp.net-mvc', 'asp.net']"
305,148591,280,75,"['vim', 'vi', 'editor', 'keyboard-shortcuts', 'python']"
414076,125256,1093,7,"['c#', '.net', 'linq', 'string', 'arrays']"
918959,131709,2416,19,"['python', 'c', 'python-3.x', 'string', 'eval']"
148357,72122,792,15,"['swift', 'ios', 'arrays', 'properties', 'objective-c']"
548225,771406,25791,11,"['regex', 'bash', 'shell', '.htaccess', 'apache']"
350087,114933,1753,42,"['ruby-on-rails', 'ruby', 'ruby-on-rails-3', 'rspec', 'rails-activerecord']"
85134,129634,635,0,"['git', 'postgresql', 'sql', 'git-stash', 'database']"
3647361,60448,851,6,"['c++', 'c++11', 'language-lawyer', 'c++14', 'templates']"
11568,82078,229,38,"['javascript', 'time', 'date', 'time-format', 'php']"
2756547,116790,4944,5,"['spring-integration', 'spring', 'java', 'spring-boot', 'spring-kafka']"
114251,386440,11116,67,"['jquery', 'javascript', 'html', 'css', 'angularjs']"
559784,117803,1303,18,"['r', 'data.table', 'ggplot2', 'dataframe', 'plot']"
2167109,10897,250,2,"['aurelia', 'javascript', 'typescript', 'html', 'aurelia-templating']"
161801,88843,782,80,"['python', 'git', 'version-control', 'git-filter-branch', 'git-rewrite-history']"
263693,446914,5128,13,"['c#', 'async-await', 'asynchronous', '.net', 'task-parallel-library']"
190201,65419,755,18,"['groovy', 'grails', 'java', 'emacs', 'amazon-web-services']"
1223693,58445,750,77,"['java', 'javascript', 'jquery', 'arraylist', 'list']"
160173,88481,216,133,"['javascript', 'html', 'url', 'url-rewriting', 'friendly-url']"
23501,138712,682,34,"['javascript', 'arrays', 'object', 'c', 'c++']"
43832,70145,1629,24,"['ios', 'core-data', 'swift', 'objective-c', 'iphone']"
26051,54338,435,28,"['ruby', 'git', 'ruby-on-rails', 'gitignore', 'version-control']"
466862,105068,2599,5,"['java', 'jdbc', 'firebird', 'sql', 'mysql']"
4265352,69839,2118,0,"['php', 'mysql', 'git', 'sql', 'greatest-n-per-group']"
5597,67413,531,1,"['c++', 'multithreading', 'c++11', 'sqlite', 'sql']"
28004,74227,1133,311,"['c#', 'asp.net', 'jquery', 'javascript', 'html']"
2140,107566,623,31,"['objective-c', 'cocoa', 'ios', 'core-data', 'nsstring']"
2069064,292655,4281,219,"['c++', 'c++11', 'c++17', 'c++20', 'templates']"
390330,268854,4031,93,"['typescript', 'javascript', 'node.js', 'reactjs', 'angular']"
88851,60907,263,16,"['python', 'string', 'integer', 'c', 'assembly']"
145403,84005,737,0,"['python', 'macos', 'python-2.7', 'uninstallation', 'pip']"
291550,56060,481,12,"['emacs', 'postgresql', 'csv', 'postgresql-copy', 'java']"
383861,148329,2904,2,"['jaxb', 'java', 'xml', 'xsd', 'unmarshalling']"
228109,81514,262,37,"['android', 'hex', 'colors', 'transparency', 'ios']"
6694,85472,831,21,"['iphone', 'objective-c', 'cocoa-touch', 'ios', 'cocoa']"
135786,108215,516,69,"['angularjs', 'javascript', 'html-select', 'ng-options', 'angularjs-directive']"
367401,52944,1408,141,"['javascript', 'jquery', 'html', 'php', 'css']"
68507,68742,801,61,"['java', 'iphone', 'double', 'nan', 'equality']"
10947,83231,471,25,"['macos', 'git', 'gitignore', 'objective-c', 'ios']"
1048572,646855,12463,37,"['javascript', 'promise', 'ecmascript-6', 'node.js', 'async-await']"
5221944,169642,5529,18,"['google-bigquery', 'sql', 'google-cloud-platform', 'json', 'arrays']"
204788,49570,758,3,"['spring', 'java', 'spring-mvc', 'jackson', 'json']"
181965,60354,1810,5,"['ssis', 'sql-server', 'sql-server-2008', 'sql', 'etl']"
20860,550007,9236,14,"['mysql', 'sql', 'php', 'database', 'database-design']"
62082,158369,1014,24,"['javascript', 'node.js', 'reactjs', 'angularjs', 'ruby-on-rails']"
297696,78420,668,4,"['python', 'python-3.x', 'c++', 'linux', 'setuptools']"
100478,48894,318,6,"['objective-c', 'ios', 'grand-central-dispatch', 'automatic-ref-counting', 'iphone']"
522663,65747,1484,820,"['c#', 'c', 'c++', 'asp.net', '.net']"
119081,49817,320,67,"['php', 'arrays', 'javascript', 'jquery', 'c#']"
2525,55904,770,6,"['c#', 'asp.net', 'asp.net-core', 'asp.net-core-mvc', '.net']"
413127,76181,1140,57,"['android', 'google-play', 'java', 'android-layout', 'google-play-console']"
1695960,146903,3160,0,"['cuda', 'c++', 'gpu', 'nvidia', 'gpgpu']"
905093,49657,281,0,"['php', 'mysql', '.htaccess', 'mod-rewrite', 'apache']"
30461,96079,2348,47,"['cocoa', 'objective-c', 'macos', 'iphone', 'cocoa-touch']"
61337,47461,362,37,"['javascript', 'jquery', 'redirect', 'url', 'php']"
714969,93869,2269,50,"['java', 'jquery', 'javascript', 'hibernate', 'jpa']"
298053,101057,2210,7,"['javascript', 'php', 'jquery', 'c#', 'asp.net']"
19679,170239,1612,14,"['iphone', 'ios', 'objective-c', 'cocoa-touch', 'opengl-es']"
1554,68942,220,4,"['windows', 'port', 'networking', 'asp.net-mvc', 'c#']"
1214800,70650,797,210,"['node.js', 'npm', 'windows', 'windows-7-x64', 'javascript']"
212555,53632,698,93,"['java', 'python', 'c++', 'list', 'conditional-operator']"
3153,342528,1335,149,"['c++', 'http', 'post', 'put', 'rest']"
2766176,130710,1931,136,"['perl', 'git', 'versioning', 'version-control', 'terminology']"
2688,153737,731,22,"['javascript', 'is-empty', 'null', 'sql-server', 'sql']"
1413538,63773,410,12,"['visual-studio-code', 'typescript', 'angularjs', 'angular', 'angular-cli']"
1622493,76692,2180,5,"['itext', 'pdf', 'java', 'c#', 'pdf-generation']"
340760,98880,844,351,"['javascript', 'jquery', 'c#', 'node.js', 'babeljs']"
790387,171839,3477,6,"['python', 'django', 'list', 'string', 'concatenation']"
471795,71773,411,18,"['websocket', 'javascript', 'http', 'ajax', 'comet']"
64313,114838,244,62,"['git', 'python', 'powershell', 'java', 'gradle']"
50776,74062,1377,23,"['c#', '.net', 'sql-server', 'multithreading', 'sql']"
501250,162757,2624,10,"['c#', 'c++', 'git', 'javascript', 'rust']"
718618,79389,616,0,"['python', 'string', 'removing-whitespace', 'trim', 'jenkins']"
1902010,178222,3540,49,"['php', 'laravel', 'javascript', 'mysql', 'html']"
16148,59658,503,28,"['python', 'file', 'selenium', 'selenium-webdriver', 'flush']"
3055,61234,347,73,"['javascript', 'string', 'ends-with', 'c#', '.net']"
527185,82064,1392,9,"['javascript', 'jquery', 'sql', 'html', 'where-clause']"
902497,44676,605,0,"['windows', 'c++', 'c#', 'winapi', 'batch-file']"
654031,235293,5180,51,"['django', 'asp.net-mvc', 'c#', 'python', 'asp.net-core']"
52201,46027,1057,35,"['sql', 'sql-server', 'c#', 'database', 'database-administration']"
200936,54926,2130,30,"['windows-installer', 'wix', 'installation', 'installshield', 'c#']"
895245,362040,1783,161,"['git', 'c', 'c++', 'node.js', 'npm']"
220147,66599,892,4,"['ruby', 'ruby-on-rails', 'regex', 'ruby-on-rails-3', 'arrays']"
13,220962,2121,10,"['java', 'c++', 'ruby', 'math', 'scheme']"
5445,816296,2159,0,"['javascript', 'jquery', 'html', 'arrays', 'c#']"
361151,42629,1118,13,"['angularjs', 'javascript', 'angularjs-directive', 'angularjs-scope', 'angularjs-ng-repeat']"
73681,70375,511,16,"['javascript', 'python', 'objective-c', 'string', 'startswith']"
97337,291399,5608,28,"['swift', 'ios', 'objective-c', 'iphone', 'xcode']"
1440565,82665,3726,257,"['java', 'git', 'android', 'python', 'c++']"
449856,54604,640,29,"['java', 'php', 'playframework', 'formatting', 'rounding']"
756809,52289,3742,69,"['codenameone', 'lwuit', 'java', 'java-me', 'android']"
445517,107464,1603,10,"['c#', '.net', 'linq', '.net-3.5', 'cryptography']"
807126,306692,9588,13,"['firebase', 'google-cloud-firestore', 'google-cloud-functions', 'javascript', 'android']"
15031,122513,1194,11,"['javascript', 'node.js', 'express', 'jquery', 'ruby']"
249933,69430,1458,76,"['c#', 'windows-phone-7', 'wpf', 'javascript', 'webassembly']"
422597,92299,707,0,"['java', 'string', 'boolean-logic', 'conditional-statements', 'string-comparison']"
115145,994871,22987,125,"['android', 'java', 'android-intent', 'android-studio', 'android-fragments']"
4604579,212479,4961,5,"['elasticsearch', 'logstash', 'kibana', 'java', 'elastic-stack']"
17172,160104,462,3,"['java', 'collections', 'initialization', 'arraylist', 'string']"
203130,78734,1180,21,"['ruby-on-rails', 'ruby', 'css', 'reactjs', 'html']"
330057,81905,1309,101,"['java', 'string', 'arrays', 'split', 'primitive']"
113938,51544,667,4,"['php', 'arrays', 'string', 'extract', 'text-segmentation']"
398670,314671,3191,82,"['postgresql', 'sql', 'database', 'psql', 'postgresql-9.1']"
7714,126229,2175,13,"['entity-framework', 'c#', 'asp.net-mvc', '.net', 'ado.net']"
84651,243881,3642,12,"['c#', '.net', 'javascript', 'linq', 'java']"
203420,59859,628,30,"['r', 'ggplot2', 'dataframe', 'plot', 'r-faq']"
783681,74628,751,84,"['c#', 'asp.net-web-api', 'asp.net-mvc', 'security', 'jwt']"
2224265,58483,1806,5,"['jquery', 'javascript', 'html', 'css', 'mongodb']"
214671,125197,1840,24,"['c++', 'c', 'arrays', 'vector', 'python']"
57191,80794,1680,71,"['python', 'mysql', 'php', 'sql', 'javascript']"
542270,83266,1269,80,"['gradle', 'groovy', 'java', 'docker', 'command-line-interface']"
201952,141658,795,33,"['node.js', 'javascript', 'npm', 'css', 'html']"
54249,76313,514,11,"['git', 'git-diff', 'c#', 'linq', '.net']"
420303,49912,1580,32,"['ios', 'objective-c', 'swift', 'iphone', 'xcode']"
572644,172627,2880,167,"['c#', '.net', 'linq', 'git', 'sql']"
104349,593310,12824,8,"['django', 'python', 'django-models', 'django-templates', 'django-forms']"
238814,59627,791,5,"['postgresql', 'sql', 'timezone', 'postgresql-8.4', 'timestamp']"
784338,53301,562,27,"['haskell', 'git', 'monads', 'c++', 'functional-programming']"
458193,266498,649,153,"['javascript', 'redux', 'reactjs', 'react-redux', 'import']"
105570,127083,1050,267,"['c#', '.net', 'vb.net', 'linq', 'predicate']"
3670737,17955,260,1,"['c#', 'asp.net-core', 'asp.net-core-mvc', 'asp.net-web-api', '.net']"
6819,140556,1394,24,"['rest', 'sql-server', 'sql', 't-sql', 'asp.net-web-api']"
77,76985,404,3,"['c#', 'constructor', 'automatic-properties', 'getter', 'setter']"
335858,719934,15970,32,"['c#', 'java', 'c++', 'c', 'objective-c']"
784387,97314,1056,4,"['.net-core', 'c#', 'msbuild', '.net', 'nuget']"
524368,160363,4169,34,"['opengl', 'c++', 'c', 'glsl', 'opengl-es']"
1338292,172131,3910,17,"['php', 'javascript', 'arrays', 'mysql', 'jquery']"
115730,242740,1910,25,"['objective-c', 'ios', 'iphone', 'cocoa', 'string']"
28128,85545,1703,37,"['ruby', 'ruby-on-rails', 'c', 'c++', 'cmake']"
505088,606494,12785,84,"['delphi', 'c++', 'c#', 'winapi', 'c']"
328193,213215,6915,86,"['c#', 'javascript', 'jquery', 'asp.net', 'html']"
608157,56505,715,2,"['ios', 'objective-c', 'core-animation', 'iphone', 'core-graphics']"
1259109,57223,768,2,"['spring-boot', 'spring', 'java', 'spring-security', 'spring-mvc']"
781707,67000,1056,7,"['javascript', 'angularjs', 'reactjs', 'c#', 'angularjs-directive']"
7231,68612,2170,4,"['perl', 'regex', 'hash', 'cgi', 'arrays']"
406429,56451,1895,2,"['apache-camel', 'java', 'enterprise-integration', 'soa', 'spring']"
330644,80424,818,110,"['javascript', 'html', 'substring', 'regex', 'jquery']"
1687119,213569,5863,15,"['c', 'pointers', 'c++', 'arrays', 'struct']"
80425,58054,417,15,"['android', 'ascii', 'windows', '.net', 'php']"
53013,296048,2006,83,"['scala', 'functional-programming', 'java', 'scala-collections', 'implicits']"
1647604,59240,1175,29,"['angular', 'typescript', 'routes', 'angular-router', 'rxjs']"
476,515527,8793,83,"['php', 'javascript', 'arrays', 'python', 'mysql']"
5037551,61558,1566,11,"['javascript', 'jquery', 'html', 'css', 'reactjs']"
740,133191,1451,1,"['sql-server', 'sql', 't-sql', 'sql-server-2005', 'sql-server-2008']"
13627,162730,1329,123,"['c#', 'linq', '.net', 'iqueryable', 'linq-to-sql']"
263525,377111,5549,79,"['javascript', 'jquery', 'go', 'java', 'html']"
90801,91218,1302,109,"['clojure', 'leiningen', 'lisp', 'functional-programming', 'java']"
258523,79241,1951,6,"['bash', 'shell', 'makefile', 'linux', 'lua']"
192702,54154,823,41,"['elixir', 'ruby', 'ruby-on-rails', 'phoenix-framework', 'list']"
358679,69809,1430,4,"['php', 'http', 'http-status-codes', 'rest', 'mysql']"
1517578,64064,1174,10,"['c#', 'go', 'rust', '.net', 'for-loop']"
246461,62995,712,31,"['android', 'view', 'locale', 'java', 'android-layout']"
4918,58793,437,39,"['linux', 'shell', 'environment', 'wpf', 'c#']"
857807,67574,804,53,"['c#', '.net', 'visual-studio-code', 'async-await', 'out']"
1903116,236577,2983,21,"['python', 'javascript', 'list', 'string', 'dictionary']"
949476,192641,4468,0,"['javascript', 'jquery', 'angularjs', 'html', 'css']"
2051952,49785,1155,0,"['groovy', 'grails', 'java', 'grails-orm', 'spock']"
1114486,71881,523,0,"['redis', 'caching', 'memory', 'python', 'multithreading']"
82294,208914,1967,22,"['c', 'git', 'python', 'c++', 'commit']"
40347,174147,1427,20,"['c#', 'ms-office', 'ms-word', '.net', 'excel']"
3820,71240,356,32,"['c#', '.net', 'linq', 'string', 'unit-testing']"
1548376,52231,1254,1,"['jekyll', 'liquid', 'github-pages', 'github', 'ruby']"
272109,70055,1510,0,"['azure', 'azure-storage', 'azure-blob-storage', 'azure-web-app-service', 'azure-cosmosdb']"
424300,123769,997,1,"['ruby-on-rails', 'ruby', 'ruby-on-rails-3', 'activerecord', 'rubygems']"
791604,148252,2536,28,"['haskell', 'functional-programming', 'monads', 'types', 'ghc']"
3191,111424,573,110,"['javascript', 'c#', 'html', 'css', '.net']"
20972,98683,701,66,"['php', 'django', 'python', 'date', 'django-models']"
301832,135238,4115,4,"['tcl', 'java', 'linux', 'rest', 'tk-toolkit']"
83805,137624,1098,4,"['haskell', 'functional-programming', 'ghc', 'types', 'monads']"
264697,169085,2743,62,"['c#', 'dependency-injection', '.net', 'simple-injector', 'asp.net']"
152083,65795,611,5,"['jquery', 'javascript', 'css', 'html', 'jquery-plugins']"
477878,178608,3233,1,"['mysql', 'sql', 'git', 'c#', 'ssl']"
8047,69096,429,380,"['ios', 'objective-c', 'iphone', 'swift', 'xcode']"
661853,93903,430,36,"['swift', 'ios', 'automatic-ref-counting', 'git', 'git-submodules']"
24874,305466,1181,311,"['.net', 'c#', 'javascript', 'wpf', 'node.js']"
221955,72024,860,73,"['java', 'kotlin', 'static', 'static-methods', 'c++']"
712603,77871,948,12,"['python', 'r', 'ggplot2', 'list', 'string']"
236465,67367,2283,0,"['android', 'bash', 'linux', 'java', 'android-virtual-device']"
149341,0,0,0,0
222908,340481,1548,0,"['javascript', 'mysql', 'google-maps', 'sql', 'google-maps-api-3']"
405143,93012,612,8,"['javascript', 'jquery', 'html', 'string', 'json']"
5171,54095,355,21,"['java', 'android', 'android-linearlayout', 'algorithm', 'generics']"
345717,77330,839,48,"['android', 'java', 'ui-thread', 'android-toast', 'android-activity']"
26396,57972,546,9,"['git', 'c#', 'git-rebase', '.net', 'visual-studio']"
697630,77655,709,32,"['java', 'java-8', 'collections', 'jpa', 'iteration']"
143305,364625,4043,5,"['r', 'rcpp', 'dataframe', 'r-faq', 'c++']"
892256,59673,2565,91,"['c++', 'c', 'javascript', 'ajax', 'forms']"
1875256,62163,2214,71,"['c#', 'asp.net-mvc', 'jquery', 'asp.net', 'asp.net-mvc-4']"
1438733,67159,552,14,"['android', 'google-play', 'android-intent', 'java', 'css']"
8206,267829,1651,73,"['python', 'c', 'makefile', 'phony-target', 'syntax']"
1694,189274,259,90,"['python', 'subprocess', 'shell', 'terminal', 'command']"
56541,129694,1204,36,"['python', 'function', 'lambda', 'closures', 'linux']"
388520,137636,1785,143,"['c', 'c++', 'python', 'linux', 'gcc']"
2372064,201318,4811,10,"['r', 'dplyr', 'ggplot2', 'dataframe', 'function']"
3617886,110388,1693,37,"['reactjs', 'javascript', 'react-hooks', 'use-effect', 'gmail-api']"
60,60133,583,4,"['jquery', 'javascript', 'asp.net', 'ajax', 'json']"
246776,84614,310,589,"['ios', 'swift', 'iphone', 'cocoa', 'xcode']"
14104,206187,6826,3,"['javascript', 'jquery', 'html', 'dom', 'css']"
20713,201339,1635,5,"['linux', 'bash', 'shell', 'c', 'python']"
10585,86541,283,12,"['jquery', 'php', 'javascript', 'mysql', 'events']"
210719,51844,237,1,"['android', 'android-activity', 'android-intent', 'java', 'android-layout']"
141172,148914,3096,376,"['c#', '.net', 'mysql', 'random', 'amazon-ec2']"
126229,56689,1291,2,"['fiddler', 'internet-explorer', 'javascript', 'c#', 'http']"
88656,653310,3745,0,"['c#', '.net', 'c++', 'memory-management', 'local-variables']"
102441,96508,1781,299,"['python', 'javascript', 'jquery', 'html', 'numpy']"
109374,60078,610,0,"['svg', 'html', 'css', 'vector-graphics', 'javascript']"
184883,108686,758,237,"['jestjs', 'javascript', 'unit-testing', 'jasmine', 'mocking']"
62130,73442,366,20,"['java', 'git', 'scope', 'multithreading', 'scala']"
729881,76400,831,4,"['git', 'tfs', 'windows', 'chmod', 'permissions']"
449449,209697,1184,8,"['python', 'pandas', 'dataframe', 'replace', 'rename']"
13430,88903,537,90,"['c++', 'c', 'stdstring', 'trim', 'arrays']"
80911,96012,2283,115,"['php', 'javascript', 'rest', 'http', 'typescript']"
1030675,235445,5557,5,"['bash', 'perl', 'shell', 'linux', 'echo']"
842,45883,509,10,"['iphone', 'objective-c', 'ios', 'nsstring', 'c++']"
1098851,121949,2048,8,"['css', 'javascript', 'html', 'jquery', 'media-queries']"
218196,805648,7093,8,"['javascript', 'jquery', 'python', 'asynchronous', 'ajax']"
93623,156949,1656,9,"['c#', '.net', 'winforms', 'asp.net', 'exception']"
266795,144422,1611,27,"['node.js', 'express', 'javascript', 'npm', 'node-modules']"
90308,75488,368,15,"['python', 'python-2.7', 'python-imaging-library', 'macos', 'installation']"
1831,124784,1918,17,"['jquery', 'javascript', 'c#', 'nest', 'elasticsearch']"
759019,46495,681,49,"['c++', 'php', 'javascript', 'c', 'css']"
17028,75400,1085,4,"['c#', '.net', 'windows', 'android', 'file']"
395857,80012,492,399,"['python', 'linux', 'unix', 'kill-process', 'port']"
180286,79632,1390,40,"['f#', 'haskell', 'c#', 'functional-programming', 'html']"
833073,48553,1321,6,"['mysql', 'sql', 'php', 'group-by', 'select']"
2016562,341155,3527,17,"['android', 'android-jetpack-compose', 'material-components-android', 'gradle', 'material-design']"
846273,107461,1066,33,"['ios', 'objective-c', 'scala', 'swift', 'iphone']"
378024,49605,559,0,"['javascript', 'jquery', 'scroll', 'html', 'arrays']"
2504224,61647,875,15,"['spring', 'java', 'spring-boot', 'spring-mvc', 'quarkus']"
5577765,207277,7598,18,"['python', 'pygame', 'opengl', 'c++', 'glsl']"
1445366,65745,1211,67,"['ios', 'swift', 'objective-c', 'ios7', 'github']"
893,968958,5389,55,"['git', 'python', 'version-control', 'c++', 'git-pull']"
213474,57537,484,14,"['javascript', 'dom', 'c#', 'arrays', 'sql']"
2341938,47962,874,0,"['angularjs', 'javascript', 'google-chrome-extension', 'google-chrome', 'jquery']"
7552,242626,7799,18,"['bash', 'shell', 'awk', 'linux', 'sed']"
87234,498604,1398,18,"['c++', 'c++-faq', 'c++11', 'copy-constructor', 'copy-and-swap']"
91914,105776,679,7,"['jquery', 'javascript', 'html-input', 'disabled-input', 'php']"
511529,115208,3413,20,"['php', 'css', 'html', 'mysql', 'sql']"
1333873,144919,355,415,"['node.js', 'docker', 'port', 'publish', 'docker-run']"
164998,72263,1377,92,"['php', 'javascript', 'precision', 'floating-point', 'regex']"
16587,57543,571,37,"['c#', 'asp.net', 'asp.net-mvc', 'python', '.net']"
208809,314423,2696,14,"['php', 'xml', 'html', 'arrays', 'oop']"
216063,69490,418,16,"['java', 'c++', 'c', 'html', 'javascript']"
1240763,170632,7187,8,"['java', 'spring', 'spring-kafka', 'spring-integration', 'spring-boot']"
123109,136778,992,32,"['git', 'perl', 'git-merge', 'regex', 'version-control']"
128511,103185,1977,242,"['webgl', 'javascript', 'three.js', 'html', 'canvas']"
610573,50276,619,15,"['javascript', 'php', 'onclick', 'addeventlistener', 'html']"
69083,692988,10600,3,"['c#', 'javascript', 'jquery', '.net', 'string']"
366377,77789,2063,0,"['c', 'c++', 'gcc', 'arrays', 'c11']"
217408,639691,9321,93,"['angular', 'dart', 'flutter', 'typescript', 'javascript']"
16632,102898,579,12,"['r', 'r-faq', 'ggplot2', 'dplyr', 'dataframe']"
1625737,48664,1008,8,"['c#', 'asp.net-mvc', 'javascript', 'entity-framework', 'asp.net']"
19563,770669,1979,0,"['git', 'c++', 'gitignore', 'undo', 'git-rm']"
741747,145155,3148,16,"['php', 'laravel', 'laravel-4', 'javascript', 'jquery']"
215752,70039,3281,6,"['sql-server', 'sql', 't-sql', 'c#', 'javascript']"
341750,70400,2874,60,"['iphone', 'ios', 'xcode', 'fft', 'objective-c']"
1457051,77993,1748,2,"['r', 'ggplot2', 'dataframe', 'web-scraping', 'rvest']"
244353,75652,973,52,"['c#', 'javascript', 'html', 'css', 'jquery']"
223386,149822,1762,242,"['linux', 'symlink', 'php', 'javascript', 'mysql']"
68015,62854,899,12,"['jquery', 'c#', 'javascript', 'html', 'asp.net']"
1256624,98271,533,6,"['rust', 'string', 'python', 'haskell', 'syntax']"
1374437,73439,1297,0,"['openmp', 'mpi', 'c++', 'c', 'parallel-processing']"
885318,114610,903,28,"['c#', '.net', 'async-await', 'task-parallel-library', 'asynchronous']"
1676363,195489,2574,8,"['android', 'kotlin', 'android-fragments', 'android-architecture-navigation', 'java']"
1109,132121,781,34,"['ruby', 'amazon-athena', 'mongodb', 'ruby-on-rails', 'php']"
1530814,44326,3036,47,"['ibm-mobilefirst', 'android', 'cordova', 'ios', 'worklight-studio']"
1066031,84477,1177,63,"['bash', 'awk', 'unix', 'linux', 'grep']"
712649,165460,4490,9,"['powershell', 'windows', 'c#', 'powershell-3.0', 'arrays']"
1966109,91106,338,13,"['swift', 'ios', 'arrays', 'autolayout', 'uiview']"
198633,111721,1937,114,"['python', 'list', 'string', 'python-3.x', 'file-io']"
147024,94545,1257,3,"['kotlin', 'intellij-idea', 'java', 'pycharm', 'android-studio']"
1420197,110919,698,399,"['javascript', 'jquery', 'html', 'node.js', 'c#']"
233196,64969,755,16,"['mysql', 'sql', 'foreign-keys', 'insert', 'database']"
338665,164055,1071,12,"['php', 'security', 'mysql', 'hash', 'sql-injection']"
308315,46594,484,50,"['ios', 'cocoa-touch', 'cocoa', 'macos', 'reachability']"
2204410,82161,1160,37,"['r', 'ggplot2', 'data.table', 'dataframe', 'r-faq']"
1305344,73614,1430,87,"['apache-spark', 'apache-spark-sql', 'sbt', 'scala', 'spark-structured-streaming']"
1237,50608,748,20,"['java', 'javascript', 'css', 'jquery', 'google-chrome']"
155423,408769,3205,100,"['rust', 'rust-cargo', 'reference', 'lifetime', 'string']"
151292,351152,2714,14,"['c++', 'c', 'stl', 'c++11', 'templates']"
790695,165083,1815,34,"['javascript', 'jquery', 'css', 'html', 'event-handling']"
7326738,70686,3847,46,"['python', 'list', 'python-3.x', 'dictionary', 'string']"
383609,100443,647,146,"['php', 'css', 'arrays', 'html', 'jquery']"
185527,53572,459,32,"['javascript', 'object', 'properties', 'php', 'css']"
641955,122821,2448,37,"['bash', 'git', 'java', 'linux', 'shell']"
23283,742092,6405,5,"['c#', '.net', 'c++', 'git', 'github']"
950427,54787,298,15,"['android', 'gradle', 'java', 'android-gradle-plugin', 'flutter']"
76559,58370,820,81,"['iphone', 'objective-c', 'ios', 'cocoa-touch', 'xcode']"
11649,61335,678,4,"['redis', 'python', 'floating-point', 'parsing', 'integer']"
83667,51082,382,3,"['c#', 'javascript', 'jquery', 'sql-server', 'asp.net']"
571407,684578,13970,8,"['java', 'hibernate', 'spring', 'jpa', 'java-8']"
6760,62366,368,2,"['javascript', 'reactjs', 'python', 'django', 'jsdoc']"
3043,406723,8067,102,"['c#', 'sql', '.net', 'sql-server', 'vb.net']"
3737,56850,534,3,"['objective-c', 'ios', 'cocoa', 'javascript', 'delegates']"
103295,59595,1311,23,"['oracle', 'sql', 'plsql', 'sql-drop', 'oracle10g']"
23234,61811,557,41,"['c#', '.net', 'generics', 'list', 'clone']"
66686,79443,2423,207,"['java', 'spring-data-jpa', 'spring', 'hibernate', 'spring-data']"
42139,91395,3152,28,"['php', 'css', 'html', 'mysql', 'jquery']"
135589,204517,2005,27,"['java', 'scala', 'date', 'javascript', 'date-format']"
5651,74825,395,65,"['javascript', 'html', 'jquery', 'css', 'angularjs']"
1155209,154580,2473,1,"['javafx', 'java', 'javafx-2', 'fxml', 'javafx-8']"
816620,694682,13844,50,"['javascript', 'node.js', 'jquery', 'html', 'promise']"
70386,100545,1880,346,"['c#', '.net', 'asp.net-mvc-3', 'asp.net-mvc', 'design-patterns']"
2908,75552,294,69,"['syntax', 'bash', 'shell', 'for-loop', 'python']"
8427,73415,945,0,"['javascript', 'ios', 'xcode', 'iphone', 'html']"
2598,137834,706,48,"['java', 'stack-trace', 'string', 'swing', 'c#']"
1338,87734,3055,39,"['xamarin', 'c#', 'xamarin.forms', 'xamarin.ios', 'android']"
34509,500807,2560,221,"['c++', 'templates', 'c', 'c++11', 'pointers']"
204699,56971,647,1,"['c#', '.net', 'jwt', 'oauth-2.0', 'authentication']"
46058,315219,407,57,"['git', 'version-control', 'git-hash', 'git-branch', 'diff']"
1950,113368,195,133,"['javascript', 'slice', 'trim', 'jquery', 'jquery-selectors']"
98401,74335,212,19,"['android', 'screen', 'dimensions', 'pixel', 'layout']"
38896,62187,222,8,"['java', 'java-time', 'java-8', 'datetime', 'jodatime']"
55925,53203,326,32,"['bash', 'c', 'function', 'terminology', 'static']"
2847,83103,805,25,"['jquery', 'javascript', 'html', 'checkbox', 'css']"
174728,298781,3660,8,"['python', 'string', 'list', 'file-io', 'dictionary']"
114029,101012,1150,91,"['c#', 'asp.net-mvc', 'jquery', 'sql', 'entity-framework']"
1786,77724,627,33,"['c#', 'javascript', '.net', 'asp.net', 'jquery']"
295508,49717,914,23,"['jquery', 'javascript', 'jquery-ui', 'php', 'html']"
54680,266539,2754,72,"['jquery', 'javascript', 'css', 'html', 'php']"
5,52597,274,45,"['sql-server', 'c#', 'asp.net', 'html', 'css']"
318758,109723,2761,4,"['java', 'c', 'c++', 'linux', 'mysql']"
851273,142970,5075,4,"['.htaccess', 'apache', 'mod-rewrite', 'php', 'redirect']"
3001761,118388,2526,4,"['python', 'python-3.x', 'python-2.7', 'angular', 'dictionary']"
22656,1453243,35692,55,"['c#', 'java', '.net', 'linq', 'string']"
825568,217269,1976,25,"['javascript', 'jquery', 'laravel', 'php', 'css']"
271616,174955,1773,7,"['r', 'r-faq', 'dataframe', 'xts', 'casting']"
86473,44984,1003,0,"['c#', '.net', 'reflection', 'windows-8', 'generics']"
82865,62836,346,44,"['java', 'python', 'yaml', 'string', 'android']"
440558,404105,11902,43,"['c++', 'c', 'pointers', 'arrays', 'c++11']"
174777,253978,7660,0,"['amazon-web-services', 'amazon-s3', 'amazon-ec2', 'aws-lambda', 'aws-cli']"
119527,134723,1843,80,"['c', 'python', 'c++', 'assembly', 'performance']"
23649,117184,1234,71,"['swift', 'ios', 'ruby', 'objective-c', 'iphone']"
624900,65936,642,40,"['python', 'google-cloud-storage', 'numpy', 'list', 'tuples']"
724626,81572,1094,9,"['javascript', 'html', 'jquery', 'node.js', 'url']"
113141,85501,1146,215,"['c#', '.net', 'sql-server', 'sql', 'sql-execution-plan']"
779513,66559,1209,130,"['apache-spark', 'c#', 'rdd', 'scala', '.net']"
11702,44796,693,21,"['c#', 'javascript', 'angularjs', 'asp.net', 'forms']"
2988,366366,3982,2,"['ruby', 'ruby-on-rails', 'git', 'scala', 'python']"
75170,306860,1065,71,"['bash', 'scripting', 'file-io', 'algorithm', 'big-o']"
70393,341203,2516,21,"['jquery', 'javascript', 'php', 'java', 'loops']"
176769,92661,1569,55,"['c++', 'opencv', 'c', 'image-processing', 'git']"
934239,75911,1864,4,"['google-chrome-extension', 'javascript', 'google-chrome', 'google-chrome-app', 'html']"
321697,134101,1224,40,"['android', 'textview', 'layout', 'android-layout', 'java']"
224671,516731,3801,13,"['python', 'c++', 'javascript', 'objective-c', 'iphone']"
5380,176972,1634,109,"['wpf', 'c#', '.net', 'xaml', 'mvvm']"
187697,69084,1318,43,"['c#', 'windows-phone-7', 'wpf', '.net', 'visual-studio-2010']"
4085910,71424,895,69,"['swift', 'ios', 'xcode', 'uibutton', 'cocoa-touch']"
905,152246,800,188,"['c#', 'enums', 'string', '.net', 'javascript']"
296328,94895,2368,74,"['maven', 'java', 'svn', 'maven-3', 'maven-2']"
114066,188198,611,197,"['android', 'android-layout', 'gps', 'clickable', 'textview']"
189950,76740,799,20,"['c#', 'linq', '.net', 'asp.net-mvc-3', 'list']"
1012097,52768,792,13,"['ruby-on-rails', 'ruby-on-rails-4', 'ruby', 'rails-activerecord', 'rails-migrations']"
392044,89863,797,306,"['c#', 'javascript', 'java', 'html', 'string']"
218589,118884,1345,44,"['c#', 'string', 'linq', 'python', '.net-3.5']"
1968,536948,4692,107,"['c++', 'c#', 'newline', 'r', 'vim']"
7586,136659,1452,24,"['regex', 'c#', 'javascript', 'jquery', 'url']"
38206,115293,1279,18,"['c#', '.net', 'multithreading', 'windbg', 'vim']"
1749403,219441,6699,208,"['angular', 'typescript', 'javascript', 'c#', 'angularjs']"
58186,121069,2085,30,"['javascript', 'arrays', 'string', 'html', 'jquery']"
27009,98813,887,80,"['html', 'php', 'javascript', 'http-headers', 'css']"
399317,71327,823,61,"['c++', 'python', 'c', 'opengl', 'javascript']"
23691,76255,530,100,"['java', 'spring', 'javascript', 'function', 'jstl']"
1366033,34304,880,195,"['twitter-bootstrap', 'css', 'javascript', 'twitter-bootstrap-3', 'html']"
101361,151421,3464,10,"['android', 'java', 'sqlite', 'android-sqlite', 'if-statement']"
1172002,108206,2122,11,"['d3.js', 'javascript', 'svg', 'linux', 'vim']"
147356,292669,4508,103,"['docker', 'git', 'python', 'docker-container', 'ansible']"
267,385234,2892,301,"['c#', '.net', 'sql-server', 'python', 't-sql']"
372,94728,438,13,"['c#', '.net', 'inheritance', 'constructor', 'unit-testing']"
722121,87483,855,6,"['python', 'list', 'python-3.x', 'for-loop', 'pep8']"
90848,139943,831,80,"['java', 'vim', 'regex', 'shell', 'python']"
670206,64895,1641,12,"['matlab', 'python', 'numpy', 'multidimensional-array', 'mesh']"
42973,92774,524,95,"['python', 'numpy', 'arrays', 'matplotlib', 'string']"
427545,65317,611,37,"['javascript', 'php', 'regex', 'string', 'html']"
983912,56916,987,37,"['ios', 'objective-c', 'ios7', 'iphone', 'swift']"
15541,116077,2027,45,"['c#', '.net', 'linq', 'group-by', 'aggregate']"
11182,61612,2140,3,"['c#', '.net', 'iis', 'asp.net', 'visual-studio']"
582,183961,1487,7,"['git', 'objective-c', 'ios', 'iphone', 'merge']"
1841839,111430,4965,184,"['google-api', 'google-oauth', 'oauth', 'google-drive-api', 'google-analytics']"
1288,401268,2054,68,"['javascript', 'java', 'equality', 'operators', 'equality-operator']"
785065,158644,1492,3,"['javascript', 'node.js', 'ecmascript-6', 'babeljs', 'express']"
2611971,52622,389,67,"['swift', 'objective-c', 'ios', 'cocoa-touch', 'nsdate']"
3730754,242111,5352,5,"['woocommerce', 'wordpress', 'php', 'product', 'orders']"
14065,260399,2817,93,"['c++', 'design-patterns', 'singleton', 'c', 'unix']"
6521,298216,1291,19,"['php', 'http', 'browser', 'url', 'css']"
2303865,232874,2477,2,"['swift', 'ios', 'string', 'macos', 'xcode']"
1761687,59093,997,25,"['swift', 'ios', 'sprite-kit', 'arrays', 'objective-c']"
3764814,50672,937,4,"['c#', 'regex', '.net', 'javascript', 'antlr4']"
673730,255907,3950,123,"['c++', 'c', 'c++-faq', 'undefined-reference', 'linker-errors']"
521799,215400,3440,256,"['java', 'sql', 'jooq', 'casting', 'operators']"
1327739,53747,1355,13,"['r', 'ggplot2', 'dataframe', 'dplyr', 'r-faq']"
615,202047,799,25,"['c#', 'wpf', '.net', 'winforms', 'enums']"
182676,53206,611,17,"['objective-c', 'ios', 'markdown', 'iphone', 'php']"
14419,65280,1788,5,"['xml', 'xslt', 'xpath', 'marklogic', 'java']"
30618,57091,849,3,"['iphone', 'ios', 'objective-c', 'ipad', 'ios-simulator']"
1079354,105158,2700,18,"['java', 'intellij-idea', 'python', 'git', 'arrays']"
8279,78834,718,33,"['ruby', 'arrays', 'random', 'ruby-on-rails', 'ruby-on-rails-3']"
561731,145559,2573,100,"['javascript', 'jquery', 'php', 'html', 'dom']"
526535,295051,2121,17,"['git', 'powershell', 'github', 'patch', 'format-patch']"
9990,183074,2480,29,"['python', 'c++', 'sql', 'git', 'revision-history']"
23354,1041984,16795,50,"['c#', '.net', 'linq', 'generics', 'multithreading']"
358970,53063,496,2,"['razor', 'asp.net-mvc-3', 'asp.net-mvc', 'c#', 'html-helper']"
89806,135805,587,48,"['python', 'string', 'bash', 'java', 'if-statement']"
2796058,22705,615,8,"['powershell', 'pester', 'csv', 'json', 'powershell-3.0']"
324584,210953,4084,33,"['php', 'phpexcel', 'arrays', 'excel', 'mysql']"
243782,206130,1648,461,"['android', 'java', 'html', 'javascript', 'canvas']"
254643,52136,929,2,"['maven', 'java', 'maven-2', 'dependencies', 'eclipse']"
96656,146915,468,25,"['javascript', 'git', 'git-submodules', 'html', 'jquery']"
82788,55081,721,14,"['android', 'android-studio', 'ide', 'android-5.0-lollipop', 'java']"
1426065,101772,1843,14,"['sublimetext3', 'sublimetext', 'python', 'sublimetext2', 'sublimetext4']"
403310,59212,341,17,"['r', 'data.table', 'dataframe', 'performance', 'colon-equals']"
2214,102011,270,4,"['javascript', 'arrays', 'string', 'replace', 'jquery']"
1836,61257,741,22,"['java', 'junit', 'scala', 'maven', 'maven-2']"
457406,90021,1255,23,"['iphone', 'ios', 'objective-c', 'xcode', 'cocoa-touch']"
444991,74820,1084,5,"['javascript', 'jquery', 'jsonp', 'json', 'arrays']"
15537,129669,483,111,"['c#', 'linux', 'file', 'symlink', 'git']"
21239,99234,1588,37,"['solr', 'c#', 'lucene', 'nhibernate', 'castle-windsor']"
2545680,102953,769,891,"['angular', 'javascript', 'typescript', 'angular-httpclient', 'angular2-http']"
402253,61892,1010,0,"['php', 'mysql', 'easyphp', 'sql', 'extjs']"
63074,54834,1051,46,"['c#', 'amazon-dynamodb', 'mysql', 'database', 'alter-table']"
1114338,47717,1219,24,"['android', 'java', 'android-fragments', 'sqlite', 'google-maps']"
42346,166021,1375,0,"['python', 'exception', 'list', 'matplotlib', 'sql']"
421705,54140,908,0,"['ruby', 'ruby-on-rails', 'rubygems', 'ruby-on-rails-3', 'global']"
6548745,6083,284,5,"['ruby', 'ruby-on-rails', 'activerecord', 'arrays', 'ruby-on-rails-5']"
232593,58574,946,59,"['c#', '.net', 'c++', 'java', 'wpf']"
249341,86071,412,159,"['python', 'matplotlib', 'savefig', 'numpy', 'imshow']"
524555,71483,606,48,"['css', 'html', 'svg', 'javascript', 'css-animations']"
479512,54162,1177,0,"['c#', 'visual-studio-2013', 'codelens', 'vb.net', 'winforms']"
29,106842,423,66,"['html', 'css', 'alignment', 'vertical-alignment', 'c#']"
223092,455383,721,23,"['git', 'github', 'repository', 'git-fork', 'synchronization']"
418413,75505,991,122,"['bash', 'environment-variables', 'dollar-sign', 'python', 'shell']"
63034,65783,532,10,"['ruby', 'ruby-on-rails', 'java', 'regex', 'eclipse']"
13531,190371,578,8,"['java', 'enums', 'generics', 'date', 'sorting']"
109825,54218,994,11,"['php', 'iphone', 'objective-c', 'mysql', 'ios']"
904393,66377,1046,2,"['flask', 'python', 'flask-sqlalchemy', 'sqlalchemy', 'flask-socketio']"
123671,115763,356,548,"['javascript', 'node.js', 'daemon', 'process', 'background']"
707111,220957,4293,39,"['javascript', 'c#', 'css', 'jquery', 'php']"
192247,91435,517,172,"['scala', 'java', 'functional-programming', 'c++', 'oop']"
13279,62599,1511,48,"['c#', 'javascript', 'html', 'asp.net', 'dom']"
853360,64151,2516,11,"['mysql', 'php', 'sql', 'symfony', 'codeigniter']"
98607,105576,1273,28,"['c#', '.net', 'wpf', 'unit-testing', 'memory-management']"
1163867,124766,2748,24,"['c#', 'linq', '.net', 'entity-framework', 'list']"
65387,276811,1210,1526,"['javascript', 'php', 'c#', 'jquery', 'html']"
315168,83147,1602,468,"['python', 'sublimetext2', 'pip', 'html', 'javascript']"
3125566,77832,1883,0,"['python', 'python-3.x', 'list', 'django', 'python-2.7']"
1195080,67286,1718,214,"['c#', '.net', 'asp.net', 'winforms', 'regex']"
295783,173112,8305,101,"['javascript', 'html', 'jquery', 'css', 'select']"
13913,138675,625,214,"['c#', '.net', 'unit-testing', 'string', 'language-agnostic']"
1755,65738,2175,38,"['windows-phone-7', 'c#', 'windows', 'batch-file', 'newline']"
309308,171920,536,25,"['string', 'python', 'substring', 'contains', 'c++']"
3574081,125848,1070,3,"['tensorflow', 'python', 'tensorflow-datasets', 'neural-network', 'machine-learning']"
1542290,155559,1781,30,"['css', 'html', 'css-float', 'css-animations', 'php']"
91,178950,685,335,"['c#', 'loops', 'enumeration', 'break', 'continue']"
2422776,302238,10199,0,"['java', 'sql', 'select', 'mysql', 'postgresql']"
20394,119189,1583,65,"['javascript', 'java', 'regex', 'string', 'html']"
53114,648829,4545,13,"['php', 'javascript', 'json', 'mime-types', 'content-type']"
550966,82345,627,80,"['android', 'android-studio', 'code-formatting', 'java', 'android-activity']"
922184,467835,845,2,"['c++', 'performance', 'java', 'cpu-architecture', 'branch-prediction']"
10673,46659,995,8,"['core-data', 'iphone', 'objective-c', 'ios', 'cocoa-touch']"
113195,81924,595,86,"['html', 'javascript', 'jquery', 'css', 'python']"
17,54597,540,27,"['jquery', 'c#', 'drop-down-menu', '.net', 'entity-framework']"
256793,57606,766,150,"['python', 'sqlite', 'select', 'c#', 'arguments']"
6680611,57874,750,2,"['rxjs', 'angular', 'javascript', 'firebase', 'typescript']"
14343,369389,2766,43,"['python', 'list', 'split', 'chunks', 'django']"
74118,113179,623,138,"['ios', 'cocoa-touch', 'uikit', 'uilabel', 'text-alignment']"
12030,100889,2285,19,"['google-app-engine', 'python', 'algorithm', 'google-cloud-datastore', 'java']"
13249,626435,6167,9,"['jquery', 'javascript', 'html', 'css', 'jquery-selectors']"
385378,101222,599,25,"['php', 'php-internals', 'foreach', 'loops', 'iteration']"
397861,76580,1601,178,"['jquery', 'php', 'javascript', 'csv', 'trailing']"
1057429,53570,2235,11,"['java', 'python', 'php', 'sublimetext2', 'sublimetext3']"
1755598,133694,1941,4,"['git', 'git-checkout', 'repository', 'git-branch', 'rename']"
164234,53477,426,6,"['go', 'python', 'list', 'arrays', 'django']"
1204143,173645,2315,56,"['python', 'c', 'obfuscation', 'deobfuscation', 'algorithm']"
59541,92878,571,7,"['swift', 'ios', 'xcode', 'iphone', 'objective-c']"
229602,72048,1020,33,"['git', 'python', 'github', 'linux', 'git-tag']"
106224,710748,4636,25,"['css', 'css-selectors', 'html', 'php', 'javascript']"
335418,65815,370,16,"['github', 'git', 'markdown', 'github-api', 'json']"
1583,493912,7501,35,"['c#', '.net', 'asp.net', 'sql', 'sql-server']"
22459,69305,784,67,"['php', 'html', 'javascript', 'mysql', 'jquery']"
342852,295282,2607,84,"['java', 'spring-mvc', 'json', 'rest', 'http-headers']"
1175,81948,534,96,"['c++', 'objective-c', 'iphone', 'cocoa', 'shuffle']"
116862,135212,1505,11,"['iphone', 'objective-c', 'ios', 'cocoa-touch', 'uitableview']"
421018,76794,1452,335,"['ios', 'objective-c', 'swift', 'iphone', 'xcode']"
205608,106088,5212,45,"['mysql', 'sql', 'php', 'datetime', 'node.js']"
157882,1094370,17131,15,"['java', 'jsf', 'jsf-2', 'servlets', 'jsp']"
167958,55012,727,102,"['c++', 'python', 'c', 'linux', 'c++11']"
20654,197267,1715,287,"['java', 'exception', 'try-catch', 'multi-catch', 'multithreading']"
312586,52165,465,122,"['ruby-on-rails', 'ruby', 'lua', 'jekyll', 'conditional-statements']"
16853,133743,712,150,"['java', 'scala', 'multithreading', 'sleep', 'java-threads']"
67606,178870,2093,61,"['java', 'javascript', 'string', 'mysql', 'sql']"
61989,64720,331,20,"['c#', '.net', 'vb6', 'language-design', 'basic']"
21677,110568,514,29,"['javascript', 'jquery', 'node.js', 'linux', 'npm']"
2435473,135536,3535,21,"['angularjs', 'javascript', 'angular', 'typescript', 'html']"
379693,128145,1374,90,"['android', 'java', 'kotlin', 'vibration', 'android-vibration']"
138475,397812,3002,3,"['php', 'javascript', 'syntax', 'jslint', 'use-strict']"
993547,155261,3559,5,"['c#', '.net', 'asp.net', 'c#-6.0', 'sql']"
20578,97735,900,124,"['html', 'css', 'python', 'javascript', 'jquery']"
1292848,99531,2792,9,"['svg', 'css', 'html', 'javascript', 'android']"
253056,210613,3603,33,"['c', 'c++', 'sse', 'simd', 'macos']"
359307,88328,926,3,"['pdf', 'ghostscript', 'imagemagick', 'image', 'fonts']"
187606,445692,6938,257,"['php', 'html', 'css', 'javascript', 'mysql']"
8454,91998,1071,12,"['shell', 'bash', 'command-line', 'git', 'directory']"
248432,80244,2144,13,"['android', 'java', 'google-app-engine', 'gwt', 'android-dialog']"
57695,529064,13476,37,"['java', 'multithreading', 'performance', 'arrays', 'file-io']"
92315,140067,198,7,"['javascript', 'compression', 'minify', 'code-formatting', 'unminify']"
35070,282570,2082,60,"['python', 'json', 'php', 'directory', 'list']"
93966,84190,983,361,"['jquery-mobile', 'jquery', 'php', 'javascript', 'html']"
28376,72016,2895,7,"['twilio', 'javascript', 'twilio-api', 'ruby-on-rails', 'jquery']"
113570,170016,834,36,"['javascript', 'arrays', 'c#', 'jquery', '.net']"
8815,105586,1042,30,"['php', 'javascript', 'jquery', 'string', 'json']"
508666,72006,1012,188,"['php', 'html', 'email-validation', 'regex', 'javascript']"
405017,299378,2128,304,"['javascript', 'ruby', 'html', 'svg', 'canvas']"
20670,332245,4343,20,"['regex', 'python', 'string', 'java', 'c#']"
514749,153286,1440,163,"['javascript', 'jquery', 'syntax', 'jsfuck', 'html']"
79061,50013,459,5,"['github', 'commit', 'issue-tracking', 'python', 'string']"
134204,125201,2951,0,"['c#', 'task-parallel-library', 'sql-server', '.net-core', '.net']"
1418796,117332,448,1,"['angularjs', 'javascript', 'angular-ui-bootstrap', 'angular-ui', 'jquery']"
220819,162174,1348,23,"['javascript', 'objective-c', 'random', 'ios', 'jquery']"
4984832,73548,2041,22,"['xamarin', 'c#', 'xamarin.forms', 'xamarin.android', 'android']"
126014,229194,2720,79,"['c#', 'dependency-injection', 'unit-testing', 'inversion-of-control', '.net']"
84889,122594,1360,1,"['gradle', 'java', 'groovy', 'spock', 'build.gradle']"
216074,377738,3513,82,"['python', 'list', 'c#', 'git', 'asp.net-core']"
1009603,123482,2146,5,"['javascript', 'jquery', 'angularjs', 'html', 'css']"
462627,166050,5519,58,"['html', 'css', 'javascript', 'jquery', 'php']"
571189,63058,481,0,"['java', 'arrays', 'arraylist', 'unix', 'boolean']"
750987,65745,298,0,"['java', 'jackson', 'json', 'gson', 'android']"
1084774,59021,1440,248,"['c', 'linux', 'bash', 'c++', 'shell']"
70604,565919,4681,2,"['java', 'maven-2', 'hibernate', 'jpa', 'orm']"
209103,581963,17558,26,"['firebase', 'firebase-realtime-database', 'javascript', 'google-cloud-firestore', 'android']"
6010,80016,192,11,"['javascript', 'initialization', 'variables', 'undefined', 'function']"
7671,69633,473,24,"['java', 'clojure', 'arrays', 'arraylist', 'type-conversion']"
30674,85594,280,883,"['asp.net-mvc', 'c#', 'visual-studio-2010', 'unit-testing', '.net']"
343955,62009,796,37,"['java', 'string', 'enums', 'date', 'calendar']"
1074592,85321,848,31,"['reactjs', 'javascript', 'jsx', 'python', 'html']"
69545,137684,1985,1,"['common-lisp', 'lisp', 'scheme', 'sbcl', 'macros']"
1333975,71081,699,41,"['android', 'git', 'gitignore', 'android-studio', 'android-view']"
1237040,51415,1363,0,"['java', 'regex', 'android', '.htaccess', 'string']"
6782,336939,3968,46,"['javascript', 'jquery', 'java', 'node.js', 'html']"
419970,167930,1469,120,"['javascript', 'node.js', 'jquery', 'events', 'preventdefault']"
11635,60639,783,67,"['.net', 'c#', 'visual-studio', 'msbuild', 'unit-testing']"
856199,51134,913,21,"['c++', 'linux', 'c', 'command-line', 'qt']"
65358,558528,7407,18,"['c#', '.net', 'wpf', 'linq', 'multithreading']"
8394265,266205,1035,51,"['flutter', 'dart', 'flutter-layout', 'android-emulator', 'flutter-widget']"
160378,54898,339,6,"['scala', 'scala-2.8', 'overloading', 'java', 'sbt']"
602276,177901,1144,38,"['r', 'ggplot2', 'plot', 'dataframe', 'r-faq']"
67,143085,1123,37,"['c#', '.net', 'javascript', 'linq', 'asp.net']"
67392,107697,2617,6,"['c#', '.net', 'powershell', 'xml', 'visual-studio']"
3603,83994,1098,96,"['c#', '.net', 'unit-testing', 'asp.net-mvc', 'msdeploy']"
379897,211639,3383,177,"['c', 'c++', 'linux', 'gcc', 'posix']"
21886,276249,1547,35,"['python', 'directory', 'file-io', 'delete-file', 'css']"
134830,119726,1034,112,"['r', 'r-faq', 'formatting', 'ggplot2', 'assignment-operator']"
852828,118849,2131,21,"['ios', 'objective-c', 'iphone', 'xcode', 'uitableview']"
3804019,51651,502,13,"['swift', 'ios', 'objective-c', 'enums', 'string']"
557445,75509,1226,63,"['jquery', 'javascript', 'c#', 'css', 'html']"
50122,45930,678,13,"['cocoa', 'objective-c', 'macos', 'xcode', 'nsstring']"
33732,162282,2071,19,"['delphi', 'c++', 'comments', 'batch-file', 'cmd']"
46642,230759,1215,77,"['c++', 'c++11', 'c#', 'string', '.net']"
77567,380339,4438,2,"['ios', 'objective-c', 'swift', 'xcode', 'iphone']"
297762,73254,744,18,"['android', 'android-softkeyboard', 'java', 'scaling', 'textview']"
893780,200507,3050,1,"['node.js', 'express', 'javascript', 'mongodb', 'mongoose']"
75642,104434,1029,314,"['html', 'css', 'pseudo-element', 'css-content', 'javascript']"
1271826,424650,6904,35,"['ios', 'swift', 'objective-c', 'grand-central-dispatch', 'xcode']"
29995,119278,463,31,"['java', 'string', 'integer', 'type-conversion', 'grails']"
8446,90238,713,310,"['c++', 'c#', '.net', 'security', 'code-signing']"
298575,98211,689,0,"['android', 'listview', 'android-tablelayout', 'layout', 'java']"
112671,67567,552,186,"['java', 'git', 'file-io', 'git-checkout', 'maven']"
322912,70027,1226,73,"['r', 'dataframe', 'r-faq', 'r-factor', 'ggplot2']"
519413,334440,10412,44,"['jquery', 'javascript', 'html', 'css', 'ajax']"
91299,135577,1616,43,"['delphi', 'delphi-xe2', 'c#', 'wmi', 'windows']"
831878,87118,1241,91,"['java', 'javascript', 'python', 'hashmap', 'ruby']"
1188513,70446,1789,73,"['vba', 'excel', 'ms-access', 'c#', 'oop']"
105929,290733,4632,63,"['sql-server', 'sql', 't-sql', 'sql-server-2005', 'c#']"
1258041,64719,854,30,"['python', 'python-2.7', 'sed', 'linux', 'unix']"
104184,129034,196,32,"['python', 'list', 'indexing', 'css', 'html']"
15245,107356,1432,43,"['ruby-on-rails', 'ruby-on-rails-3', 'ruby', 'routes', 'activerecord']"
295264,78173,2002,184,"['php', 'javascript', 'mysql', 'jquery', 'css']"
138304,98737,1534,56,"['c#', '.net', 'antlr4', 'visual-studio', 'antlr']"
139459,381054,4321,189,"['jquery', 'javascript', 'php', 'html', 'variables']"
105999,44043,370,7,"['msbuild', 'msdeploy', 'visual-studio', 'visual-studio-2010', 'asp.net']"
99834,165288,577,837,"['python', 'postgresql', 'file-io', 'sql', 'csv']"
34397,876766,15102,51,"['c#', 'javascript', '.net', 'jquery', 'java']"
14660,157510,3730,103,"['perl', 'git', 'c', 'ruby', 'github']"
6144,62976,895,32,"['javascript', 'html', 'string', 'numbers', 'performance']"
2998,51970,1160,21,"['ios', 'iphone', 'objective-c', 'cocoa-touch', 'xcode']"
21926,119685,845,4,"['javascript', 'string', 'replace', 'php', 'bash']"
353802,77450,1618,21,"['html', 'css', 'jquery', 'php', 'javascript']"
64174,66420,1444,13,"['java', 'android', 'zxing', 'apache-spark', 'mahout']"
1704166,214342,903,22,"['typescript', 'javascript', 'module', 'arrays', 'object']"
82609,90890,433,334,"['reactjs', 'javascript', 'java', 'redux', 'typescript']"
85371,383361,9290,17,"['c++', 'boost', 'git', 'boost-spirit', 'vim']"
421223,129931,1195,8,"['php', 'git', 'git-merge', 'git-branch', 'branching-and-merging']"
150634,109510,1650,38,"['c++', 'c++11', 'pointers', 'templates', 'stl']"
1003917,68326,2075,0,"['php', 'oop', 'private', 'public', 'protected']"
1671639,55913,1326,74,"['javascript', 'jquery', 'html', 'css', 'c#']"
1108891,136898,863,424,"['typescript', 'c#', 'asp.net-core', 'visual-studio-code', '.net-core']"
1533054,74544,300,71,"['android-studio', 'elixir', 'ruby-on-rails', 'ruby-on-rails-3', 'activerecord']"
833622,45832,570,23,"['android', 'view', 'scrollview', 'android-edittext', 'programmatically-created']"
376535,56906,1029,96,"['php', 'javascript', 'mysql', 'linux', 'bash']"
285587,157633,6289,37,"['php', 'mysql', 'pdo', 'mysqli', 'sql']"
1331451,53897,1282,58,"['perl', 'regex', 'arrays', 'hash', 'html']"
1267329,120546,1242,2,"['python', 'list', 'pandas', 'dataframe', 'header']"
425275,183989,1261,190,"['javascript', 'html', 'jquery', 'css', 'text']"
16940,142690,1344,432,"['angular', 'c#', 'javascript', 'typescript', 'asp.net-mvc']"
1478381,59295,776,36,"['r', 'dataframe', 'ggplot2', 'data.table', 'matrix']"
154112,62872,816,16,"['html', 'canvas', 'javascript', 'html5-canvas', 'svg']"
100754,117554,2153,33,"['perl', 'regex', 'html', 'c', 'css']"
64949,63186,279,73,"['bower', 'javascript', 'npm', 'dependency-management', 'node.js']"
2088135,73484,1878,21,"['bash', 'shell', 'awk', 'sed', 'linux']"
21234,400888,3248,50,"['java', 'spring', 'exception', 'junit', 'spring-mvc']"
49376,69799,586,103,"['javascript', 'git', 'gitignore', 'html', 'ruby-on-rails-3']"
94559,59555,1752,0,"['azure', 'python', 'javascript', 'c#', 'azure-blob-storage']"
902968,62318,268,2,"['cocoapods', 'git', 'case-sensitive', 'git-commit', 'git-config']"
403671,134817,1974,0,"['c#', '.net', 'html-agility-pack', 'windows', 'winforms']"
784588,80097,737,5,"['laravel', 'eloquent', 'php', 'laravel-4', 'laravel-query-builder']"
8123,64891,615,68,"['c++', 'c', 'stl', 'string', 'stdstring']"
447156,97957,2419,112,"['c#', 'datetime', '.net', 'string', 'asp.net']"
49485,141205,442,48,"['reactjs', 'javascript', 'ruby', 'string', 'jsx']"
46914,89950,1116,164,"['python', 'arrays', 'methods', 'javascript', 'variables']"
9021,540929,1699,330,"['javascript', 'object', 'properties', 'jquery', 'php']"
14357,118749,2446,182,"['c#', '.net', 'javascript', 'linq', 'asp.net']"
2483313,103513,3065,9,"['ruby', 'ruby-on-rails', 'ruby-on-rails-4', 'activerecord', 'rspec']"
6461,103279,405,67,"['asp.net', 'css', 'display', 'html', 'c#']"
220643,43473,1155,1,"['xamarin.ios', 'c#', 'ios', 'xamarin', 'mono']"
2530848,72733,1525,7,"['c#', '.net', 'async-await', 'asynchronous', 'winforms']"
399037,55013,600,18,"['asp.net', 'iis', 'file-upload', 'sql', 'c#']"
157957,93038,2191,6,"['php', 'postgresql', 'sql', 'csv', 'postgresql-copy']"
59501,114656,1443,26,"['java', 'json', 'jackson', 'serialization', 'collections']"
45773,64258,504,0,"['amazon-web-services', 'amazon-ec2', 'amazon-s3', 'amazon-dynamodb', 'search']"
1388319,64553,813,0,"['mongodb', 'aggregation-framework', 'mongodb-query', 'sorting', 'node.js']"
263268,119625,686,295,"['yaml', 'syntax', 'string', 'newline', 'ruby']"
9345,60759,757,17,"['c#', 'sql', '.net', 'sql-server', 'command-line']"
208339,59872,238,11,"['python', 'numpy', 'arrays', 'scipy', 'integer']"
2915,92641,528,103,"['language-agnostic', 'guid', 'ios', 'c', 'objective-c']"
43846,71767,1107,11,"['c#', 'python', 'uniqueidentifier', 'guid', 'uuid']"
1441122,129830,535,0,"['java', 'java-8', 'java-stream', 'lambda', 'collections']"
250259,218257,4440,19,"['php', 'mysql', 'html', 'date', 'datetime']"
598696,91618,1116,307,"['c++', 'c++11', 'templates', 'c++17', 'c++14']"
39321,154897,293,520,"['c#', 'php', 'apache', 'operator-keyword', '.net']"
1723893,56984,809,43,"['php', 'mysql', 'javascript', 'html', 'jquery']"
179125,104141,1646,1,"['ruby', 'javascript', 'ruby-on-rails', 'arrays', 'json']"
496161,64607,1072,12,"['c++', 'c++11', 'templates', 'language-lawyer', 'c++14']"
2756719,135435,1780,16,"['c++', 'c++11', 'templates', 'c++14', 'c++17']"
11343,88017,659,25,"['git', 'cherry-pick', 'github', 'git-commit', 'git-rebase']"
2173917,133760,3708,10,"['c', 'pointers', 'arrays', 'string', 'c++']"
1873365,200332,2310,73,"['angular', 'typescript', 'javascript', 'rxjs', 'ngfor']"
287047,66337,700,111,"['css', 'html', 'shadow', 'box-shadow', 'javascript']"
165009,49629,459,12,"['scala', 'java', 'functional-programming', 'language-comparisons', 'dictionary']"
299509,63238,199,1,"['css', 'html', 'html-input', 'placeholder', 'javascript']"
219743,83635,859,19,"['elixir', 'phoenix-framework', 'ecto', 'javascript', 'ruby-on-rails']"
45786,62333,372,21,"['node.js', 'npm', 'package', 'angularjs', 'javascript']"
980833,160723,1260,21,"['r', 'data.table', 'dataframe', 'plot', 'ggplot2']"
479989,91637,709,21,"['git', 'git-add', 'c++', 'c', 'bash']"
171456,356762,3540,26,"['twitter-bootstrap', 'css', 'bootstrap-4', 'twitter-bootstrap-3', 'html']"
120292,44629,254,17,"['objective-c', 'nsarray', 'iphone', 'xcode', 'iteration']"
172999,57027,1177,30,"['python', 'gtk', 'matplotlib', 'c', 'autotools']"
8331,54435,330,43,"['c++', 'gdb', 'debugging', 'c', 'php']"
23528,188890,3942,212,"['c#', 'javascript', 'jquery', '.net', 'php']"
298479,314378,3555,95,"['python', 'javascript', 'php', 'jquery', 'html']"
107049,99731,248,7,"['docker', 'nginx', 'docker-network', 'docker-container', 'postgresql']"
98713,289279,3460,134,"['c#', 'wpf', '.net', 'linq', 'xaml']"
286871,67805,520,14,"['haskell', 'functional-programming', 'category-theory', 'scala', 'recursion-schemes']"
60518,63204,270,63,"['javascript', 'jquery', 'floating-point', 'java', 'type-conversion']"
104200,59765,604,42,"['iphone', 'objective-c', 'cocoa-touch', 'ios', 'xcode']"
6509,169091,2797,0,"['groovy', 'java', 'string', 'grails', 'gradle']"
157247,1052527,22700,95,"['javascript', 'jquery', 'arrays', 'java', 'html']"
605744,337198,2950,13,"['java', 'spring', 'intellij-idea', 'javascript', 'scala']"
1301972,82798,1589,27,"['git', 'ruby', 'bash', 'shell', 'string']"
5056,119412,375,723,"['c#', 'powershell', 'windows', 'tail', 'javascript']"
33518,241937,3307,0,"['f#', 'c#', '.net', 'functional-programming', 'asynchronous']"
18747,131080,1999,8,"['oracle', 'sql', 'plsql', 'database', 'sql-server']"
1450,114328,771,96,"['ruby-on-rails', 'ruby', 'javascript', 'string', 'activerecord']"
96100,321063,1945,3,"['javascript', 'jquery', 'html', 'dom', 'contenteditable']"
493122,75536,1405,227,"['c++', 'php', 'c', 'if-statement', 'control-flow']"
334519,138857,1374,73,"['scala', 'shapeless', 'scalaz', 'json', 'haskell']"
18180,116096,877,31,"['php', 'git', 'security', 'sql-injection', 'xss']"
299924,121285,2714,43,"['objective-c', 'ios', 'xcode', 'macos', 'c++']"
436641,68166,1064,46,"['javascript', 'node.js', 'npm', 'php', 'google-maps-api-3']"
82219,92077,195,10,"['linux', 'shell', 'go', 'python', 'slice']"
12950,528120,5311,41,"['javascript', 'jquery', 'c#', 'arrays', 'asp.net-mvc']"
140719,221793,1505,72,"['c++', 'c++-faq', 'operator-overloading', 'operators', 'c']"
500104,130489,1090,85,"['c++', 'c++11', 'templates', 'lambda', 'c++-faq']"
573032,50640,2801,14,"['java', 'struts2', 'jsp', 'angular', 'ognl']"
39375,75716,515,12,"['c++', 'c', 'string', 'linux', 'algorithm']"
1000343,109670,1053,454,"['r', 'dataframe', 'r-faq', 'ggplot2', 'package']"
5344058,37662,770,2,"['scala', 'apache-spark', 'apache-spark-sql', 'dataframe', 'java']"
1331430,69739,663,30,"['javascript', 'jquery', 'css', 'less', 'css-calc']"
1578604,71040,1928,11,"['regex', 'excel', 'tcl', 'python', 'javascript']"
28169,395339,6099,8,"['c', 'c++', 'python', 'malloc', 'casting']"
951890,63878,1073,0,"['c++', 'python', 'iostream', 'getline', 'benchmarking']"
492405,140049,1268,25,"['c#', 'asp.net', '.net', 'list', 'ienumerable']"
1375553,58625,1609,5,"['sharepoint', 'javascript', 'c#', 'google-maps', 'reactjs']"
5190,334785,1195,44,"['python', 'operators', 'conditional-operator', 'linux', 'unix']"
722783,79061,1805,15,"['sql', 'sql-server', 'mysql', 't-sql', 'sql-server-2008']"
6309,1337535,31172,16,"['git', 'github', 'docker', 'eclipse', 'version-control']"
27439,102679,1358,19,"['java', 'jquery', 'javascript', 'sql', 't-sql']"
139985,707789,15595,22,"['java', 'multithreading', 'string', 'class', 'android']"
41761,49073,749,75,"['xcode', 'objective-c', 'keyboard-shortcuts', 'ios', 'iphone']"
75500,103175,611,614,"['c#', 'asp.net', 'wpf', '.net', 'mime']"
123527,174901,2059,25,"['ruby-on-rails', 'ruby', 'ruby-on-rails-3', 'git', 'activerecord']"
60096,87219,696,78,"['c#', 'vim', 'java', 'python', 'string']"
95190,59334,801,23,"['mongodb', 'typescript', 'javascript', 'reactjs', 'node.js']"
71522,151440,704,376,"['python', 'django', 'sqlite', 'database-table', 'create-table']"
63756,116327,1354,26,"['c#', 'asp.net', 'asp.net-mvc', '.net', 'configuration']"
110707,88581,658,1,"['git', 'gitignore', 'python', 'google-app-engine', 'git-stage']"
145346,85413,1795,58,"['jquery', 'javascript', 'tablesorter', 'html', 'css']"
171206,50647,1019,111,"['ios', 'objective-c', 'iphone', 'ipad', 'swift']"
3333,180685,1183,142,"['java', 'mysql', 'csv', 'quotes', 'bash']"
383710,52493,819,22,"['c#', 'tfs', 'visual-studio', 'sql-server', 'sql']"
252228,163309,7482,23,"['xslt', 'xml', 'xpath', 'xslt-2.0', 'xslt-1.0']"
447356,66490,1990,7,"['javascript', 'html', 'jquery', 'c#', 'forms']"
127320,79390,1323,329,"['java', 'file-io', 'ascii', 'text', 'text-files']"
187141,1,638,675,"['java', 'amazon-web-services', 'amazon-ec2', 'ssh', 'key-pair']"
21574,65056,584,93,"['c#', '.net', 'asp.net', 'multithreading', 'asp.net-mvc']"
17624,131504,338,0,"['python', 'oop', 'metaclass', 'python-datamodel', 'python-class']"
5485167,209937,1858,0,"['angular', 'typescript', 'javascript', 'production', 'build']"
1870803,148081,2520,17,"['c#', '.net', 'async-await', 'scala', 'asynchronous']"
12725,102445,1804,20,"['c#', 'c++', 'c', '.net', 'linq']"
783743,73480,809,177,"['javascript', 'inheritance', 'functional-programming', 'oop', 'closures']"
641766,53133,478,1,"['python', 'django', 'json', 'mongodb', 'performance']"
17469,56822,405,55,"['jenkins', 'watir', 'ruby', 'watir-webdriver', 'file']"
251311,252165,3357,276,"['php', 'mysql', 'javascript', 'sql', 'reactjs']"
1238019,68402,720,43,"['css', 'twitter-bootstrap', 'html', 'twitter-bootstrap-3', 'navbar']"
2413303,80581,2061,55,"['android', 'java', 'realm', 'kotlin', 'dagger-2']"
1499781,47291,876,5,"['css', 'html', 'jquery', 'javascript', 'sass']"
100297,1080646,19919,3,"['python', 'python-3.x', 'python-2.7', 'list', 'dictionary']"
4465208,87662,737,13,"['kotlin', 'android', 'java', 'for-loop', 'function']"
497418,176977,1756,59,"['javascript', 'html', 'css', 'jquery', 'php']"
2396539,67707,1121,144,"['java', 'android', 'oop', 'amazon-web-services', 'java-8']"
1083957,61458,769,37,"['android', 'android-layout', 'android-view', 'java', 'dagger-2']"
889949,88267,1455,12,"['php', 'mysql', 'arrays', 'http', 'javascript']"
745,167509,537,111,"['python', 'static-methods', 'git', 'shell', 'bash']"
2976878,79563,630,20,"['swift', 'ios', 'swift3', 'swift4', 'codable']"
247533,167351,1604,20,"['scala', 'java', 'functional-programming', 'dictionary', 'performance']"
15354,56117,1396,23,"['sql', 'sql-server', 't-sql', 'sql-update', 'dml']"
21441,76032,584,40,"['java', 'php', 'javascript', 'math', 'modulo']"
139010,357095,3727,103,"['javascript', 'java', 'jquery', 'html', 'android']"
20481,48603,748,6,"['c#', '.net', 'c', 'pdf', 'c++']"
75525,245556,3030,98,"['typescript', 'javascript', 'jquery', 'c#', 'function']"
727208,58241,878,0,"['php', 'model-view-controller', 'oop', 'architecture', 'model']"
3676586,12446,244,0,"['angular', 'typescript', 'angular2-changedetection', 'javascript', 'rxjs']"
18771,334971,5219,55,"['javascript', 'regex', 'xml', 'xslt', 'jquery']"
592746,60017,863,2,"['javascript', 'xpath', 'java', 'xslt', 'node.js']"
497043,88379,778,21,"['rust', 'python', 'django', 'string', 'javascript']"
958464,11374,254,290,"['c', 'php', 'assembly', 'x86', 'att']"
